position,artist,title,gender,ethnicity,genre,year
1,Flo Rida feat. T-Pain,Low,M,Black,Rap,2008
2,Leona Lewis,Bleeding Love,F,Multiracial,Pop,2009
3,Alicia Keys,No One,F,Multiracial,R&B,2010
4,Lil Wayne feat. Static Major,Lollipop,M,Black,Rap,2008
5,Timbaland feat. OneRepublic,Apologize,M,Black,Pop,2008
6,Jordin Sparks feat. Chris Brown,No Air,F,Multiracial,Pop,2008
7,Sara Bareilles,Love Song,F,White,Pop,2008
8,Usher feat. Young Jeezy,Love In This Club,M,Black,R&B,2008
9,Chris Brown,With You,M,Black,Pop,2008
10,Chris Brown,Forever,M,Black,Pop,2008
11,Ray J and Yung Berg,Sexy Can I,M,Black,R&B,2008
12,Rihanna,Take A Bow,F,Multiracial,Pop,2008
13,Coldplay,Viva La Vida,M,White,R&B,2008
14,Katy Perry,I Kissed A Girl,F,White,Pop,2008
15,T.I.,Whatever You Like,M,Black,Rap,2008
16,Rihanna,Disturbia,F,Multiracial,Pop,2008
17,Rihanna,Don't Stop the Music,F,Multiracial,Pop,2008
18,Natasha Bedingfield,Pocketful of Sunshine,F,White,Dance,2008
19,Chris Brown feat. T-Pain,Kiss Kiss,M,Black,Pop,2008
20,Ne-Yo,Closer,M,Black,Dance,2008
21,Colbie Caillat,Bubbly,F,White,Pop,2008
22,Mariah Carey,Touch My Body,F,Multiracial,R&B,2008
23,Madonna feat. Justin Timberlake,4 Minutes,F,White,Dance,2008
24,Pink,So What,F,White,Pop,2008
25,Finger Eleven,Paralyzer,M,White,Pop,2008
26,Fergie,Clumsy,F,White,Pop,2008
27,Jason Mraz,I'm Yours,M,White,Pop,2008
28,Jesse McCartney,Leavin',M,White,Rap,2008
29,Kardinal Offishall feat. Akon,Dangerous,M,Black,Pop,2008
30,Jordin Sparks,Tattoo,F,Multiracial,Pop,2008
31,Miley Cyrus,See You Again,F,White,Pop,2008
32,Metro Station,Shake It,M,White,Pop,2008
33,OneRepublic,Stop And Stare,M,White,Pop,2008
34,Sean Kingston,Take You There,M,Black,Dance,2008
35,M.I.A.,Paper Planes,F,Asian,Pop,2008
36,Katy Perry,Hot N Cold,F,White,Rap,2008
37,T.I. feat. Rihanna,Live Your Life,M,Black,Rap,2008
38,Plies feat. Ne-Yo,Bust It Baby Part 2,M,Black,Dance,2008
39,Estelle feat. Kanye West,American Boy,F,Black,Rap,2008
40,Lil Wayne feat. T-Pain,Got Money,M,Black,Rap,2008
41,Taylor Swift,Our Song,F,White,Country,2008
42,Danity Kane,Damaged,F,Other,Dance,2008
43,Lil Wayne,A Milli,M,Black,Rap,2008
44,Buckcherry,Sorry,M,White,Pop,2008
45,Webbie feat. Lil' Phat and Lil' Boosie,Independent,M,Black,R&B,2008
46,T-Pain feat. Lil Wayne,Can't Believe It,M,Black,R&B,2008
47,Alicia Keys,Like You'll Never See Me Again,F,Multiracial,R&B,2008
48,Taylor Swift,Teardrops On My Guitar,F,White,Pop,2008
49,Pussycat Dolls,When I Grow Up,F,White,Dance,2008
50,Snoop Dogg,Sensual Seduction,M,Black,R&B,2008
51,Colby O'Donis feat. Akon,What You Got,F,Hispanic,Latin,2008
52,3 Doors Down,It'S Not My Time,M,White,Pop,2008
53,Leona Lewis,Better In Time,F,Multiracial,Pop,2008
54,Soulja Boy Tell'em,Crank That (Soulja Boy),M,Black,Pop,2008
55,Linkin Park,Shadow Of The Day,M,White,Pop,2008
56,"Wyclef Jean feat. Akon, Lil Wayne and Niia",Sweetest Girl (Dollar Bill),M,Black,Pop,2008
57,Ne-Yo,Miss Independent,M,Black,R&B,2008
58,Secondhand Serenade,Fall For You,M,White,Pop,2008
59,Flo Rida feat. will.i.am,In The Ayer,M,Black,Rap,2008
60,John Mayer,Say,M,White,Pop,2008
61,Jordin Sparks,One Step at A Time,F,Multiracial,Pop,2008
62,Rihanna feat. Ne-Yo,Hate That I Love You,F,Multiracial,R&B,2008
63,Lupe Fiasco feat. Matthew Santos,Superstar,M,Black,Rap,2008
64,J. Holiday,Suffocate,M,Black,R&B,2008
65,Kevin Rudolf feat. Lil Wayne,Let It Rock,M,White,Pop,2008
66,David Banner feat. Chris Brown,Get Like Me,M,Black,Rap,2008
67,Colbie Caillat,Realize,F,White,Pop,2008
68,Young Jeezy feat. Kanye West,Put On,M,Black,Rap,2008
69,David Cook,The Time Of My Life,M,White,Pop,2008
70,"Three 6 Mafia feat. Project Pat, Young D and Superpower",Lolli Lolli (Pop That Body),M,Black,Pop,2008
71,Baby Bash feat. T-Pain,Cyclone,M,Multiracial,Pop,2008
72,Natasha Bedingfield feat. Sean Kingston,Love Like This,F,White,Dance,2008
73,Jonas Brothers,Burnin' Up,M,White,Pop,2008
74,Kanye West,Love Lockdown,M,Black,Pop,2008
75,The-Dream,I Luv Your Girl,M,Black,R&B,2008
76,David Archuleta,Crush,M,White,Pop,2008
77,Plies feat. Akon,Hypnotized,M,Black,Rap,2008
78,Fergie,Big Girls Don't Cry,F,White,Pop,2008
79,Kanye West feat. T-Pain,Good Life,M,Black,Rap,2008
80,Britney Spears,Womanizer,F,White,Pop,2008
81,Taylor Swift,Love Story,F,White,Country,2008
82,Mary J. Blige,Just Fine,F,Black,R&B,2008
83,Britney Spears,Piece Of Me,F,White,Pop,2008
84,Rick Ross feat. T-Pain,The Boss,M,Black,Dance,2008
85,Kid Rock,All Summer Long,M,White,Country,2008
86,Trey Songz,Can't Help But Wait,M,Black,R&B,2008
87,Gavin DeGraw,In Love With A Girl,M,White,Pop,2008
88,Game feat. Lil Wayne,My Life,M,Black,Rap,2008
89,Keyshia Cole,I Remember,F,Black,R&B,2008
90,Kanye West feat. Dwele,Flashing Lights,M,Black,Rap,2008
91,Lil Wayne feat. Bobby Valentino and Kidd Kidd,Mrs. Officer,F,Black,Rap,2008
92,Miley Cyrus,7 Things,F,White,Pop,2008
93,Trace Adkins,You're Gonna Miss This,M,White,Pop,2008
94,Gavin Rossdale,Love Remains The Same,M,White,Country,2008
95,Daughtry,Feels Like Tonight,M,White,Pop,2008
96,Timbaland feat. Keri Hilson,The Way I Are,M,Black,Pop,2008
97,Saving Abel,Addicted,M,White,Rock,2008
98,Santana feat. Chad Kroeger,Into The Night,M,White,Pop,2008
99,Keyshia Cole,Heaven Sent,F,Black,R&B,2008
100,2 Pistols feat. T-Pain and Tay Dizm,She Got It,M,Black,Rap,2008
101,Black Eyed Peas,Boom Boom Pow,M,Multiracial,,2009
102,Lady Gaga,Poker Face,F,White,,2009
103,Lady Gaga feat. Colby O'Donis,Just Dance,F,White,,2009
104,Black Eyed Peas,I Gotta Feeling,,Multiracial,,2009
105,Taylor Swift,Love Story,,White,,2009
106,Flo Rida,Right Round,,Black,,2009
107,Jason Mraz,I'm Yours,,White,,2009
108,Beyonce,Single Ladies (Put A Ring On It),,Black,,2009
109,Kanye West,Heartless,,Black,,2009
110,All-American Rejects,Gives You Hell,,Other,,2009
111,Taylor Swift,You Belong With Me,,White,,2009
112,T.I. feat. Justin Timberlake,Dead And Gone,,Black,,2009
113,Fray,You Found Me,,White,,2009
114,Kings Of Leon,Use Somebody,,White,Rock,2009
115,Keri Hilson feat. Kanye West and Ne-Yo,Knock You Down,F,Black,,2009
116,Jamie Foxx feat. T-Pain,Blame It,M,Black,,2009
117,Pitbull,I Know You Want Me (Calle Ocho),M,Black,,2009
118,T.I. feat. Rihanna,Live Your Life,M,Black,,2009
119,Soulja Boy Tell 'em feat. Sammie,Kiss Me Thru The Phone,M,Black,,2009
120,Jay Sean feat. Lil Wayne,Down,M,Asian,,2009
121,Miley Cyrus,The Climb,,White,,2009
122,Drake,Best I Ever Had,,Black,,2009
123,Kelly Clarkson,My Life Would Suck Without You,,White,,2009
124,Beyonce,Halo,,Black,,2009
125,Katy Perry,Hot n Cold,,White,,2009
126,Shinedown,Second Chance,,White,,2009
127,Britney Spears,Circus,,White,,2009
128,Kid Cudi,Day 'n' Nite,,Multiracial,,2009
129,Miley Cyrus,Party in the U.S.A.,,White,,2009
130,3OH!3,Don't Trust Me,,White,,2009
131,"Jay-Z, Rihanna and Kanye West",Run This Town,Mix,Black,,2009
132,Kevin Rudolf feat. Lil Wayne,Let It Rock,,Hispanic,,2009
133,Sean Kingston,Fire Burning,,Black,,2009
134,Jason DeRulo,Whatcha Say,,Black,,2009
135,Lady Gaga,Lovegame,,White,,2009
136,Katy Perry,Waking Up In Vegas,,White,,2009
137,Jeremih,Birthday Sex,,Black,,2009
138,Pink,Sober,,White,,2009
139,Britney Spears,Womanizer,,White,,2009
140,T.I.,Whatever You Like,,Black,,2009
141,Mariah Carey,Obsessed,,Multiracial,,2009
142,Ne-Yo,Mad,,Black,,2009
143,Cobra Starship feat. Leighton Meester,Good Girls Go Bad,M,White,,2009
144,Kanye West,Love Lockdown,M,Black,,2009
145,Pink,So What,F,White,,2009
146,Pitbull,Hotel Room Service,M,Black,,2009
147,"Eminem, Dr. Dre and 50 Cent",Crack A Bottle,M,White,,2009
148,Beyonce,If I Were A Boy,F,Black,,2009
149,Keri Hilson feat. Lil Wayne,Turning Me On,,Black,,2009
150,Pussycat Dolls,I Hate This Part,,Multiracial,,2009
151,Nickelback,Gotta Be Somebody,,White,,2009
152,Pink,Please Don't Leave Me,,White,,2009
153,Lady Gaga,Paparazzi,,White,,2009
154,Akon feat. Colby O'Donis and Kardinal Offishall,Beautiful,,Black,,2009
155,Coldplay,Viva la Vida,,White,,2009
156,Akon,Right Now (Na Na Na),,Black,,2009
157,Jordin Sparks,Battlefield,,Multiracial,,2009
158,Flo Rida feat. Wynter,Sugar,,Black,,2009
159,Ne-Yo,Miss Independent,,Black,,2009
160,Owl City,Fireflies,,White,,2009
161,Linkin Park,New Divide,,White,,2009
162,Jay-Z + Alicia Keys,Empire State Of Mind,Mix,Other,,2009
163,Daughtry,No Surprise,,White,,2009
164,Shakira,She Wolf,,Hispanic,,2009
165,Mario feat. Gucci Mane and Sean Garrett,Break Up,,Black,,2009
166,Beyonce,Sweet Dreams,,Black,,2009
167,Young Money,Every Girl,Mix,Multiracial,,2009
168,Colbie Caillat,Fallin' For You,,White,,2009
169,Veronicas,Untouched,F,White,,2009
170,Nickelback,If Today Was Your Last Day,,White,,2009
171,Fabolous feat. The-Dream,Throw It In The Bag,,Black,,2009
172,Boys Like Girls,Love Drunk,,White,,2009
173,Asher Roth,I Love College,,White,,2009
174,Britney Spears,If U Seek Amy,,White,,2009
175,Jason Aldean,Big Green Tractor,,White,,2009
176,Taylor Swift,White Horse,,White,,2009
177,Rihanna,Disturbia,,Multiracial,,2009
178,Green Day,21 Guns,M,White,,2009
179,Soulja Boy Tell'em,Turn My Swag On,,Black,,2009
180,The-Dream,Rockin' That Thang,,Black,,2009
181,Zac Brown Band,Chicken Fried,,Multiracial,,2009
182,Beyonce,Diva,,Black,,2009
183,Iyaz,Replay,,Black,,2009
184,Brad Paisley,Then,M,White,,2009
185,Rob Thomas,Her Diamonds,,White,,2009
186,Jesse McCartney feat. Ludacris,How Do You Sleep?,,White,,2009
187,Britney Spears,3,,White,,2009
188,"Drake feat. Kanye West, Lil Wayne and Eminem",Forever,,Black,,2009
189,Justin Bieber,One Time,,White,,2009
190,Lady Antebellum,I Run To You,Mix,White,,2009
191,Kelly Clarkson,I Do Not Hook Up,,White,,2009
192,John Legend feat. Andre 3000,Green Light,,Black,,2009
193,Billy Currington,People Are Crazy,,White,,2009
194,Zac Brown Band,Whatever It Is,,Multiracial,,2009
195,Kelly Clarkson,Already Gone,,White,,2009
196,Kristinia DeBarge,Goodbye,,Multiracial,,2009
197,Michael Franti and Spearhead feat. Cherine Anderson,Say Hey (I Love You),,Black,,2009
198,Jim Jones and Ron Browz feat. Juelz Santana,Pop Champagne,,Multiracial,,2009
199,Maxwell,Pretty Wings,,Black,,2009
200,Fray,Never Say Never,,White,,2009
201,Ke$ha,TiK ToK,F,White,,2010
202,Lady Antebellum,Need You Now,,White,,2010
203,Train,"Hey, Soul Sister",,White,,2010
204,Katy Perry feat. Snoop Dogg,California Gurls,,White,,2010
205,Usher feat. will.i.am,OMG,,Black,,2010
206,B.o.B feat. Hayley Williams,Airplanes,,Black,,2010
207,Eminem feat. Rihanna,Love The Way You Lie,,White,,2010
208,Lady Gaga,Bad Romance,,White,,2010
209,Taio Cruz,Dynamite,,Black,,2010
210,Taio Cruz feat. Ludacris,Break Your Heart,,Black,,2010
211,B.o.B feat. Bruno Mars,Nothin' On You,,Black,,2010
212,Enrique Iglesias feat. Pitbull,I Like It,,Hispanic,,2010
213,Young Money feat. Lloyd,Bedrock,,Multiracial,,2010
214,Jason Derulo,In My Head,,Black,,2010
215,Rihanna,Rude Boy,,Multiracial,,2010
216,Lady Gaga feat. Beyonce,Telephone,,White,,2010
217,Katy Perry,Teenage Dream,,White,,2010
218,Bruno Mars,Just The Way You Are,,Multiracial,,2010
219,Mike Posner,Cooler Than Me,,White,,2010
220,Black Eyed Peas,Imma Be,,Multiracial,,2010
221,Jay-Z and Alicia Keys,Empire State of Mind,,Multiracial,,2010
222,Usher feat. Pitbull,DJ Got Us Fallin' in Love,,Black,,2010
223,Travie McCoy feat. Bruno Mars,Billionaire,M,Multiracial,,2010
224,Eminem,Not Afraid,,White,,2010
225,Iyaz,Replay,,Black,,2010
226,David Guetta feat. Akon,Sexy Chick,,White,,2010
227,Script,Breakeven,,White,,2010
228,Ke$ha,Your Love Is My Drug,,White,,2010
229,Black Eyed Peas,I Gotta Feeling,,Multiracial,,2010
230,Owl City,Fireflies,,White,,2010
231,Trey Songz feat. Fabolous,Say Aah,,Black,,2010
232,Drake,Find Your Love,,Black,,2010
233,Lady Gaga,Alejandro,,White,,2010
234,Jason Derulo,Ridin' Solo,,Black,,2010
235,Nelly,Just A Dream,,Black,,2010
236,Ludacris,How Low,,Black,,2010
237,Far East Movement feat. The Cataracs and Dev,Like A G6,,Other,,2010
238,Timbaland feat. Justin Timberlake,Carry Out,,Black,,2010
239,Michael Buble,Haven't Met You Yet,,White,,2010
240,Flo Rida feat. David Guetta,Club Can't Handle Me,,Black,,2010
241,Jay Sean feat. Lil Wayne,Down,,Black,,2010
242,La Roux,Bulletproof,,White,,2010
243,Jason Derulo,Whatcha Say,,Black,,2010
244,Justin Bieber feat. Ludacris,Baby,,White,,2010
245,Adam Lambert,Whataya Want From Me,,White,,2010
246,Taylor Swift,Mine,,White,,2010
247,Rihanna,Only Girl (In The World),,Multiracial,,2010
248,Kris Allen,Live Like We're Dying,,White,,2010
249,Rihanna feat. Jeezy,Hard,,Multiracial,,2010
250,Jay-Z and Mr. Hudson,Young Forever,,Black,,2010
251,Ke$ha feat. 3OH!3,Blah Blah Blah,,White,,2010
252,Trey Songz feat. Nicki Minaj,Bottoms Up,,Black,,2010
253,Jay Sean feat. Sean Paul and Lil Jon,Do You Remember,,Black,,2010
254,OneRepublic,All The Right Moves,,White,,2010
255,Orianthi,According To You,,White,,2010
256,Ludacris feat. Nicki Minaj,My Chick Bad,,Black,,2010
257,Taylor Swift,You Belong With Me,,White,,2010
258,Black Eyed Peas,Meet Me Halfway,,Multiracial,,2010
259,Ke$ha,Take It Off,,White,,2010
260,Drake,Over,,Black,,2010
261,Neon Trees,Animal,,White,,2010
262,Maroon 5,Misery,,White,,2010
263,B.o.B feat. Rivers Cuomo,Magic,,Black,,2010
264,Lady Gaga,Paparazzi,,White,,2010
265,New Boyz feat. Ray J,Tie Me Down,,Black,,2010
266,Nicki Minaj,Your Love,,Black,,2010
267,Miley Cyrus,Party In The U.S.A.,,White,,2010
268,Chris Brown feat. Tyga and Kevin McCall,Deuces,,Black,,2010
269,Britney Spears,three,,White,,2010
270,Shontelle,Impossible,,Black,,2010
271,"Drake feat. Kanye West, Lil Wayne and Eminem",Forever,,Black,,2010
272,Boys Like Girls feat. Taylor Swift,Two Is Better Than One,,Other,,2010
273,3OH!3 feat. Ke$ha,My First Kiss,,Black,,2010
274,Kelly Clarkson,Already Gone,,White,,2010
275,Black Eyed Peas,Rock That Body,,Multiracial,,2010
276,OneRepublic,Secrets,,White,,2010
277,Selena Gomez and The Scene,Naturally,,Hispanic,,2010
278,Alicia Keyes,Un-Thinkable (I'm Ready),,White,,2010
279,"DJ Khaled feat. T-Pain, Ludacris, Snoop Dogg and Rick Ross",All I Do Is Win,,MiddleEast,,2010
280,"Kevin Rudolf feat. Birdman, Jay Sean, and Lil Wayne",I Made It (Cash Money Heroes),,Hispanic,,2010
281,Sugarland,Stuck Like Glue,,White,,2010
282,Usher feat. Plies,Hey Daddy (Daddy's Home),,Black,,2010
283,Usher,There Goes My Baby,,Black,,2010
284,Taylor Swift,Today Was A Fairytale,,White,,2010
285,Timbaland feat. Drake,Say Something,,Black,,2010
286,Beyonce,Sweet Dreams,,Black,,2010
287,Kings of Leon,Use Somebody,,White,,2010
288,Carrie Underwood,Undo It,,White,Country,2010
289,Sean Kingston and Justin Bieber,Eenie Meenie,,White,,2010
290,Lil Wayne feat. Drake,Right Above It,,Black,,2010
291,Miranda Lambert,The House That Built Me,,White,,2010
292,Band Perry,If I Die Young,Mix,Other,,2010
293,Paramore,The Only Exception,Mix,Other,,2010
294,Lady Antebellum,American Honey,Mix,White,,2010
295,Sara Bareilles,King Of Anything,,White,,2010
296,Daughtry,Life After You,,White,,2010
297,Uncle Kraker,Smile,,White,,2010
298,Cali Swag District,Teach Me How To Dougie,,Other,,2010
299,Alicia Keyes,Try Sleeping With A Broken Heart,,White,,2010
300,Jerrod Niemann,"Lover, Lover",,White,,2010
301,Adele,Rolling In The Deep,,White,,2011
302,LMFAO feat. Lauren Bennett and GoonRock,Party Rock Anthem,,Black,,2011
303,Katy Perry,Firework,,White,,2011
304,Katy Perry feat. Kanye West,E.T.,,White,,2011
305,"Pitbull feat. Ne-Yo, Afrojack and Nayer",Give Me Everything,,Hispanic,,2011
306,Bruno Mars,Grenade,,Multiracial,,2011
307,Cee Lo Green,F**K You (Forget You),,Black,,2011
308,Nicki Minaj,Super Bass,,Black,,2011
309,Maroon 5 feat. Christina Aguilera,Moves Like Jagger,,White,,2011
310,Black Eyed Peas,Just Can't Get Enough,,Multiracial,,2011
311,Jennifer Lopez feat. Pitbull,On The Floor,,Hispanic,,2011
312,Rihanna,S&M,,Multiracial,,2011
313,Foster The People,Pumped Up Kicks,,Other,,2011
314,Katy Perry,Last Friday Night (T.G.I.F.),,White,,2011
315,Bruno Mars,Just The Way You Are,,Multiracial,,2011
316,Enrique Iglesias feat. Ludacris and DJ Frank E,Tonight (I'm Lovin' You),,Hispanic,,2011
317,P!Nk,Raise Your Glass,,White,,2011
318,Lady Gaga,Born This Way,,White,,2011
319,P!Nk,F**Kin' Perfect,,White,,2011
320,Rihanna feat. Drake,What's My Name?,,Multiracial,,2011
321,Chris Brown feat. Lil Wayne and Busta Rhymes,Look At Me Now,,Black,,2011
322,Jeremih feat. 50 Cent,Down On Me,,Black,,2011
323,Lil Wayne,How To Love,,Black,,2011
324,Adele,Someone Like You,,White,,2011
325,OneRepublic,Good Life,,White,,2011
326,Bruno Mars,The Lazy Song,,Multiracial,,2011
327,Britney Spears,Till The World Ends,,White,,2011
328,Lupe Fiasco,The Show Goes On,,Black,,2011
329,Lady Gaga,The Edge Of Glory,,White,,2011
330,Ke$Ha,We R Who We R,,White,,2011
331,Wiz Khalifa,Black And Yellow,,Black,,2011
332,Hot Chelle Rae,Tonight Tonight,,Black,,2011
333,Ke$Ha,Blow,,White,,2011
334,Bad Meets Evil feat. Bruno Mars,Lighters,,White,,2011
335,Band Perry,If I Die Young,Mix,Other,,2011
336,Gym Class Heroes feat. Adam Levine,Stereo Hearts,,Other,,2011
337,Black Eyed Peas,The Time (Dirty Bit),,Multiracial,,2011
338,Diddy - Dirty Money feat. Skylar Grey,Coming Home,,Black,,2011
339,Pitbull feat. T-Pain,Hey Baby (Drop It To The Floor),,Hispanic,,2011
340,Rihanna,Only Girl (In The World),,Multiracial,,2011
341,Lil Wayne feat. Cory Gunz,6 Foot 7 Foot,,Black,,2011
342,Lady Antebellum,Just A Kiss,Mix,White,,2011
343,Jason Aldean,Dirt Road Anthem,,White,,2011
344,Taio Cruz,Dynamite,,Black,,2011
345,Waka Flocka Flame feat. Roscoe Dash and Wale,No Hands,,Black,,2011
346,Britney Spears,I Wanna Go,,White,,2011
347,"DJ Khaled feat. Drake, Rick Ross and Lil Wayne",I'm On One,,MiddleEast,,2011
348,Cobra Starship feat. Sabi,You Make Me Feel...,,White,,2011
349,Chris Brown,Yeah 3x,,Black,,2011
350,Nicki Minaj feat. Drake,Moment 4 Life,,Black,,2011
351,Dr. Dre feat. Eminem and Skylar Grey,I Need A Doctor,,Black,,2011
352,Nelly,Just A Dream,,Black,,2011
353,Kelly Rowland feat. Lil Wayne,Motivation,,Black,,2011
354,Edward Maya and Vika Jigulina,Stereo Love,,White,,2011
355,Christina Perri,Jar Of Hearts,,White,,2011
356,Wiz Khalifa,Roll Up,,White,,2011
357,LMFAO,Sexy And I Know It,,Black,,2011
358,Far*East Movement feat. Ryan Tedder,Rocketeer,,Other,,2011
359,Kanye West,All Of The Lights,,Black,,2011
360,Britney Spears,Hold It Against Me,,White,,2011
361,Usher,More,,Black,,2011
362,Avril Lavigne,What The Hell,,White,,2011
363,Tinie Tempah feat. Eric Turner,Written In The Stars,,White,,2011
364,Trey Songz feat. Nicki Minaj,Bottoms Up,,Black,,2011
365,Usher feat. Pitbull,DJ Got Us Fallin' In Love,,Black,,2011
366,Script,For The First Time,,White,,2011
367,Blake Shelton,Honey Bee,M,White,,2011
368,Jason Aldean With Kelly Clarkson,Don't You Wanna Stay,,White,,2011
369,Rihanna feat. Calvin Harris,We Found Love,,Multiracial,,2011
370,Keri Hilson,Pretty Girl Rock,,Black,,2011
371,Lady Gaga,You And I,,White,,2011
372,Far*East Movement feat. Cataracs and Dev,Like A G6,,Other,,2011
373,David Guetta feat. Usher,Without You,,White,,2011
374,Taylor Swift,Back To December,,White,,2011
375,Katy Perry,Teenage Dream,,White,,2011
376,Eli Young Band,Crazy Girl,,White,,2011
377,Rihanna,Cheers (Drink To That),,Multiracial,,2011
378,Selena Gomez and The Scene,Who Says,,Hispanic,,2011
379,Jake Owen,Barefoot Blue Jean Night,,White,,2011
380,Zac Brown Band feat. Jimmy Buffett,Knee Deep,,Black,,2011
381,Luke Bryan,Country Girl (Shake It For Me),,White,,2011
382,Brad Paisley With Carrie Underwood,Remind Me,,White,,2011
383,Dev,In The Dark,,White,,2011
384,New Boyz feat. The Cataracs and Dev,Backseat,,Other,,2011
385,Drake,Headlines,,Black,,2011
386,Beyonce,Best Thing I Never Had,,Black,,2011
387,Jason Derulo,Don't Wanna Go Home,,Black,,2011
388,David Guetta feat. Flo Rida and Nicki Minaj,Where Them Girls At,,White,,2011
389,Chris Brown,She Ain't You,,Black,,2011
390,Rodney Atkins,Take A Back Road,,Hispanic,,2011
391,Mike Posner,Please Don't Go,,White,,2011
392,Miguel,Sure Thing,,Black,,2011
393,Jessie J feat. B.O.B,Price Tag,,White,,2011
394,Blake Shelton,God Gave Me You,,White,,2011
395,Lil Wayne feat. Drake,She Will,,Black,,2011
396,Thompson Square,Are You Gonna Kiss Me Or Not,,Other,,2011
397,Neon Trees,Animal,,Other,,2011
398,Kenny Chesney feat. Grace Potter,You And Tequila,,White,,2011
399,Zac Brown Band,Colder Weather,,Other,,2011
400,Big Sean feat. Chris Brown,My Last,,Black,,2011
401,Gotye feat. Kimbra,Somebody That I Used To Know,,Black,,2012
402,Carly Rae Jepsen,Call Me Maybe,,Hispanic,,2012
403,fun. feat. Janelle Monae,We Are Young,,White,,2012
404,Maroon 5 feat. Wiz Khalifa,Payphone,,White,,2012
405,Ellie Goulding,Lights,,White,,2012
406,Wanted,Glad You Came,,White,,2012
407,Kelly Clarkson,Stronger (What Doesn't Kill You),,White,,2012
408,Rihanna feat. Calvin Harris,We Found Love,,Multiracial,,2012
409,Nicki Minaj,Starships,,Black,,2012
410,One Direction,What Makes You Beautiful,,White,,2012
411,Flo Rida feat. Sia,Wild Ones,,Black,,2012
412,Adele,Set Fire To The Rain,,White,,2012
413,LMFAO,Sexy And I Know It,,Black,,2012
414,fun.,Some Nights,,White,,2012
415,Katy Perry,Wide Awake,,White,,2012
416,Flo Rida,Good Feeling,,Black,,2012
417,Flo Rida,Whistle,,Black,,2012
418,Maroon 5,One More Night,,White,,2012
419,Train,Drive By,,White,,2012
420,Drake feat. Lil Wayne,The Motto,,Black,,2012
421,Rihanna,Where Have You Been,,Multiracial,,2012
422,Neon Trees,Everybody Talks,,Other,,2012
423,Drake feat. Rihanna,Take Care,,Black,,2012
424,David Guetta feat. Sia,Titanium,,White,,2012
425,Jason Mraz,I Won't Give Up,,White,,2012
426,Bruno Mars,It Will Rain,,Multiracial,,2012
427,"Kanye West, Big Sean, Pusha T, 2 Chainz",Mercy,,Black,,2012
428,Justin Bieber,Boyfriend,,White,,2012
429,LMFAO feat. Lauren Bennett and GoonRock,Party Rock Anthem,,Black,,2012
430,Alex Clare,Too Close,,White,,2012
431,Katy Perry,Part Of Me,,White,,2012
432,Snoop Dogg and Wiz Khalifa feat. Bruno Mars,"Young, Wild and Free",,Black,,2012
433,Taylor Swift,We Are Never Ever Getting Back Together,,White,,2012
434,Justin Bieber feat. Big Sean,As Long as You Love Me,,White,,2012
435,David Guetta feat. Nicki Minaj,Turn Me On,,White,,2012
436,Maroon 5 feat. Christina Aguilera,Moves Like Jagger,,White,,2012
437,P!nk,Blow Me (One Last Kiss),,White,,2012
438,Owl City and Carly Rae Jepsen,Good Time,,White,,2012
439,Demi Lovato,Give Your Heart A Break,,White,,2012
440,Jay Z and Kanye West,Ni**As In Paris,,Black,,2012
441,Katy Perry,The One That Got Away,,White,,2012
442,Calvin Harris,Feel So Close,,White,,2012
443,Adele,Someone Like You,,White,,2012
444,Usher,Scream,,Black,,2012
445,Tyga,Rack City,,Black,,2012
446,Jessie J,Domino,,White,,2012
447,Psy,Gangnam Style,,Asian,,2012
448,Pitbull feat. Chris Brown,International Love,,Hispanic,,2012
449,Phillip Phillips,Home,,White,,2012
450,David Guetta feat. Usher,Without You,,White,,2012
451,Gym Class Heroes feat. Neon Hitch,Ass Back Home,,Black,,2012
452,Hunter Hayes,Wanted,,White,,2012
453,Luke Bryan,Drunk On You,,White,,2012
454,2 Chainz feat. Drake,No Lie,,Black,,2012
455,Cher Lloyd,Want U Back,,Black,,2012
456,Chris Brown,Don't Wake Me Up,,Black,,2012
457,Big Sean feat. Nicki Minaj,Dance (A$$),,Black,,2012
458,Eric Church,Springsteen,,White,,2012
459,Karmin,Brokenhearted,Mix,White,,2012
460,Gavin DeGraw,Not Over You,,White,,2012
461,Gym Class Heroes feat. Adam Levine,Stereo Hearts,,Other,,2012
462,Pitbull,Back In Time,,Hispanic,,2012
463,J. Cole,Work Out,,Black,,2012
464,Adele,Rumour Has It,,White,,2012
465,Calvin Harris feat. Ne-Yo,Let's Go,,White,,2012
466,Carrie Underwood,Good Girl,,White,,2012
467,Little Big Town,Pontoon,,Other,,2012
468,Lumineers,Ho Hey,,White,,2012
469,Coldplay,Paradise,,White,,2012
470,Carrie Underwood,Blown Away,,White,,2012
471,Adele,Rolling In The Deep,,White,,2012
472,Usher,Climax,,Black,,2012
473,Wiz Khalifa,"Work Hard, Play Hard",,Black,,2012
474,Ne-Yo,Let Me Love You (Until You Learn To Love Yourself),,Black,,2012
475,Nicki Minaj,Pound The Alarm,,Black,,2012
476,Kenny Chesney,Come Over,,White,,2012
477,Trey Songz,Heart Attack,,Black,,2012
478,Kirko Bangz,Drank In My Cup,,Black,,2012
479,Rihanna feat. Chris Brown,Birthday Cake,,Multiracial,,2012
480,B.o.B,So Good,,Black,,2012
481,Train,50 Ways To Say Goodbye,,White,,2012
482,Toby Keith,Red Solo Cup,,White,,2012
483,Selena Gomez and The Scene,Love You Like A Love Song,,Hispanic,,2012
484,Chris Brown,Turn Up The Music,,Black,,2012
485,Ke$ha,Die Young,,White,,2012
486,T-Pain feat. Wiz Khalifa and Lily Allen,5 O'Clock,,Black,,2012
487,Christina Perri,A Thousand Years,,White,,2012
488,Jason Aldean,Take A Little Ride,,White,,2012
489,Rihanna,You Da One,,Multiracial,,2012
490,Havana Brown feat. Pitbull,We Run The Night,,Hispanic,,2012
491,Imagine Dragons,It's Time,,White,,2012
492,Ca$h Out,Cashin' Out,,Black,,2012
493,Luke Bryan,I Don't Want This Night To End,,White,,2012
494,Rihanna,Diamonds,,Multiracial,,2012
495,Lee Brice,Hard To Love,,Black,,2012
496,Kip Moore,Somethin' 'Bout A Truck,,Black,,2012
497,Miguel,Adorn,,Black,,2012
498,Jason Aldean,Fly Over States,,White,,2012
499,Eli Young Band,Even If It Breaks Your Heart,,Other,,2012
500,Linkin Park,Burn It Down,,White,,2012
501,Macklemore and Ryan Lewis feat. Wanz,Thrift Shop,,White,,2013
502,Robin Thicke feat. T.I. and Pharrell,Blurred Lines,,Black,,2013
503,Imagine Dragons,Radioactive,,White,,2013
504,Baauer,Harlem Shake,,White,,2013
505,Macklemore and Ryan Lewis feat. Ray Dalton,Can't Hold Us,,White,,2013
506,Justin Timberlake,Mirrors,,White,,2013
507,P!nk feat. Nate Ruess,Just Give Me A Reason,,White,,2013
508,Bruno Mars,When I Was Your Man,,Multiracial,,2013
509,Florida Georgia Line feat. Nelly,Cruise,,Black,,2013
510,Katy Perry,Roar,,White,,2013
511,Bruno Mars,Locked Out Of Heaven,,Multiracial,,2013
512,Lumineers,Ho Hey,,Other,,2013
513,Rihanna feat. Mikky Ekko,Stay,,Multiracial,,2013
514,Daft Punk feat. Pharrell Williams,Get Lucky,,Black,,2013
515,Lorde,Royals,,White,,2013
516,Taylor Swift,I Knew You Were Trouble,,White,,2013
517,Miley Cyrus,We Can't Stop,,White,,2013
518,Miley Cyrus,Wrecking Ball,,White,,2013
519,Avicii,Wake Me Up!,,White,,2013
520,Justin Timberlake feat. Jay Z,Suit and Tie,,White,,2013
521,Anna Kendrick,Cups (Pitch Perfect's When I'm Gone),,White,,2013
522,Jay Z feat. Justin Timberlake,Holy Grail,,Black,,2013
523,will.i.am and Britney Spears,Scream and Shout,,Other,,2013
524,Zedd feat. Foxes,Clarity,,White,,2013
525,AWOLNATION,Sail,,Other,,2013
526,Swedish House Mafia feat. John Martin,Don't You Worry Child,,Other,,2013
527,Rihanna,Diamonds,,Multiracial,,2013
528,Icona Pop feat. Charli XCX,I Love It,,Other,,2013
529,Capital Cities,Safe And Sound,,White,,2013
530,Bruno Mars,Treasure,,Multiracial,,2013
531,Ariana Grande feat. Mac Miller,The Way,,White,,2013
532,Drake,Started From The Bottom,,Black,,2013
533,Selena Gomez,Come and Get It,,Hispanic,,2013
534,Drake feat. Majid Jordan,"Hold On, We're Going Home",,Black,,2013
535,Maroon 5,Daylight,,White,,2013
536,Pitbull feat. Christina Aguilera,Feel This Moment,,Hispanic,,2013
537,Lady Gaga,Applause,,White,,2013
538,Maroon 5,One More Night,,White,,2013
539,Lil Wayne feat. Drake and Future,Love Me,,Black,,2013
540,Fall Out Boy,My Songs Know What You Did In The Dark (Light Em Up),,Other,,2013
541,"A$AP Rocky feat. Drake, 2 Chainz and Kendrick Lamar",F**kin Problems,,Black,,2013
542,Justin Bieber feat. Nicki Minaj,Beauty And A Beat,,White,,2013
543,Macklemore and Ryan Lewis feat. Mary Lambert,Same Love,,Other,,2013
544,Calvin Harris feat. Florence Welch,Sweet Nothing,,White,,2013
545,Lana Del Rey and Cedric Gervais,Summertime Sadness,,White,,2013
546,Phillip Phillips,Home,,White,,2013
547,Imagine Dragons,It's Time,,White,,2013
548,J. Cole feat. Miguel,Power Trip,,Black,,2013
549,Alicia Keys feat. Nicki Minaj,Girl On Fire,,White,,2013
550,Demi Lovato,Heart Attack,,White,,2013
551,Maroon 5,Love Somebody,,White,,2013
552,Mumford and Sons,I Will Wait,,Other,,2013
553,P!nk,Try,,White,,2013
554,Darius Rucker,Wagon Wheel,,Black,,2013
555,Psy,Gangnam Style,,Asian,,2013
556,Calvin Harris feat. Ellie Goulding,I Need Your Love,,White,,2013
557,Ke$ha,Die Young,,White,,2013
558,fun.,Some Nights,,White,,2013
559,Wale feat. Tiara Thomas or Rihanna,Bad,,Black,,2013
560,Blake Shelton feat. Pistol Annies and Friends,Boys 'Round Here,,White,,2013
561,Phillip Phillips,"Gone, Gone, Gone",,White,,2013
562,Imagine Dragons,Demons,,White,,2013
563,OneRepublic,Counting Stars,,White,,2013
564,Flo Rida,I Cry,,Black,,2013
565,Of Monsters And Men,Little Talks,,Other,,2013
566,Jason Derulo,The Other Side,,Black,,2013
567,Eminem,Berzerk,,White,,2013
568,Kelly Clarkson,Catch My Breath,,White,,2013
569,Luke Bryan,Crash My Party,,White,,2013
570,Rihanna,Pour It Up,,Multiracial,,2013
571,Taylor Swift,22,,White,,2013
572,Hunter Hayes,I Want Crazy,,White,,2013
573,Ylvis,The Fox,,Hispanic,,2013
574,One Direction,Best Song Ever,,White,,2013
575,Ed Sheeran,The A Team,,White,,2013
576,fun.,Carry On,,White,,2013
577,Tim McGraw with Taylor Swift,Highway Don't Care,,White,,2013
578,Luke Bryan,That's My Kind Of Night,,White,,2013
579,Kendrick Lamar,Swimming Pools (Drank),,White,,2013
580,Blake Shelton,Sure Be Cool If You Did,,White,,2013
581,Mariah Carey feat. Miguel,#Beautiful,,Multiracial,,2013
582,Olly Murs feat. Flo Rida,Troublemaker,,White,,2013
583,Ciara,Body Party,,Multiracial,,2013
584,Miguel,Adorn,,Black,,2013
585,Script feat. will.i.am,Hall Of Fame,,White,,2013
586,Ne-Yo,Let Me Love You (Until You Learn To Love Yourself),,Black,,2013
587,Rocko feat. Future and Rick Ross,U.O.E.N.O.,,Black,,2013
588,Emeli Sande,Next To Me,,Hispanic,,2013
589,Miranda Lambert,Mama's Broken Heart,,White,,2013
590,Thomas Rhett,It Goes Like This,,White,,2013
591,Ace Hood feat. Future and Rick Ross,Bugatti,,White,,2013
592,Hunter Hayes,Wanted,,White,,2013
593,Lady Antebellum,Downtown,Mix,White,,2013
594,Florida Georgia Line,Get Your Shine On,,Other,,2013
595,will.i.am feat. Justin Bieber,#thatPOWER,,Black,,2013
596,Sara Bareilles,Brave,,Multiracial,,2013
597,Passenger,Let Her Go,,White,,2013
598,Randy Houser,Runnin' Outta Moonlight,,White,,2013
599,2 Chainz,I'm Different,,Black,,2013
600,Paramore,Still Into You,Mix,Other,,2013
601,Pharrell Williams,Happy,,White,,2014
602,Katy Perry feat. Juicy J,Dark Horse,,White,,2014
603,John Legend,All Of Me,,White,,2014
604,Iggy Azalea feat. Charli XCX,Fancy,,Black,,2014
605,OneRepublic,Counting Stars,,White,,2014
606,Jason Derulo feat. 2 Chainz,Talk Dirty,,Black,,2014
607,MAGIC!,Rude,,Black,,2014
608,Meghan Trainor,All About That Bass,,White,,2014
609,Ariana Grande feat. Iggy Azalea,Problem,,White,,2014
610,Sam Smith,Stay With Me,,White,,2014
611,Pitbull feat. Ke$ha,Timber,,Hispanic,,2014
612,Bastille,Pompeii,,White,,2014
613,Taylor Swift,Shake It Off,,White,,2014
614,Nico and Vinz,Am I Wrong,,Other,,2014
615,DJ Snake and Lil Jon,Turn Down For What,,Black,,2014
616,Eminem feat. Rihanna,The Monster,,White,,2014
617,A Great Big World and Christina Aguilera,Say Something,,Other,,2014
618,Lorde,Team,,White,,2014
619,Passenger,Let Her Go,,White,,2014
620,Lorde,Royals,,White,,2014
621,Idina Menzel,Let It Go,,Multiracial,,2014
622,Avicii,Wake Me Up!,,White,,2014
623,Imagine Dragons,Demons,,White,,2014
624,One Direction,Story Of My Life,,White,,2014
625,Sia,Chandelier,,White,,2014
626,Iggy Azalea feat. Rita Ora,Black Widow,,Black,,2014
627,"Jessie J, Ariana Grande & Nicki Minaj",Bang Bang,,White,,2014
628,Disclosure feat. Sam Smith,Latch,,White,,2014
629,Maroon 5,Maps,,White,,2014
630,Chris Brown feat. Lil Wayne and French Montana or Too $hort or Tyga,Loyal,,Black,,2014
631,American Authors,Best Day Of My Life,,Other,,2014
632,Tove Lo,Habits (Stay High),,White,,2014
633,Calvin Harris,Summer,,White,,2014
634,Charli XCX,Boom Clap,,White,,2014
635,Beyonce feat. Jay Z,Drunk In Love,,Black,,2014
636,Nicki Minaj,Anaconda,,Black,,2014
637,Ariana Grande feat. Zedd,Break Free,,White,,2014
638,Enrique Iglesias feat. Descemer Bueno and Gente De Zona,Bailando,,Hispanic,,2014
639,Ellie Goulding,Burn,,White,,2014
640,Jason Derulo feat. Snoop Dogg,Wiggle,,Black,,2014
641,Clean Bandit feat. Jess Glynne,Rather Be,,Black,,2014
642,Jeremih feat. Yg,Don't Tell 'Em,,Black,,2014
643,Kid Ink feat. Chris Brown,Show Me,,Black,,2014
644,Miley Cyrus,Wrecking Ball,,White,,2014
645,Justin Timberlake,Not A Bad Thing,,White,,2014
646,Katy Perry,Roar,,White,,2014
647,Paramore,Ain't It Fun,Mix,Other,,2014
648,Aloe Blacc,The Man,,Black,,2014
649,Florida Georgia Line feat. Luke Bryan,This Is How We Roll,,Other,,2014
650,Mkto,Classic,,Black,,2014
651,Coldplay,A Sky Full Of Stars,,White,,2014
652,Ed Sheeran,Don't,,White,,2014
653,Trey Songz,Na Na,,Black,,2014
654,Bobby Shmurda,Hot Boy,,Black,,2014
655,Drake feat. Majid Jordan,"Hold On, We're Going Home",,Black,,2014
656,Ed Sheeran,Sing,,White,,2014
657,Imagine Dragons,Radioactive,,White,,2014
658,Yg feat. Jeezy and Rich Homie Quan,My Hitta,,Black,,2014
659,Echosmith,Cool Kids,,White,,2014
660,Avicii,Hey Brother,,Black,,2014
661,Jason Derulo,Trumpets,,Black,,2014
662,Maroon 5,Animals,,White,,2014
663,Jason Aldean,Burnin' It Down,,White,,2014
664,Luke Bryan,Play It Again,,White,,2014
665,Tinashe feat. Schoolboy Q,2 On,,Black,,2014
666,Florida Georgia Line,Dirt,,Other,,2014
667,OneRepublic,Love Runs Out,,White,,2014
668,Brantley Gilbert,Bottoms Up,,White,,2014
669,Becky G,Shower,,Hispanic,,2014
670,Rixton,Me And My Broken Heart,,Black,,2014
671,Martin Garrix,Animals,,White,,2014
672,Rich Gang feat. Young Thug and Rich Homie Quan,Lifestyle,,Black,,2014
673,Kenny Chesney,American Kids,,White,,2014
674,Sara Bareilles,Brave,,White,,2014
675,The Neighbourhood,Sweater Weather,,Other,,2014
676,Sam Hunt,Leave The Night On,,White,,2014
677,Chris Brown feat. Usher and Rick Ross,New Flame,,Black,,2014
678,Michael Jackson and Justin Timberlake,Love Never Felt So Good,,Multiracial,,2014
679,Dierks Bentley,Drunk On A Plane,,White,,2014
680,Katy Perry,Birthday,F,White,,2014
681,Lady Antebellum,Bartender,Mix,White,,2014
682,Naughty Boy feat. Sam Smith,La La La,,White,,2014
683,Robin Thicke feat. T.I. and Pharrell,Blurred Lines,,Black,,2014
684,Lady Gaga feat. R. Kelly,Do What U Want,,White,,2014
685,Shakira feat. Rihanna,Can't Remember To Forget You,,Hispanic,,2014
686,5 Seconds Of Summer,Amnesia,,Other,,2014
687,T.I. feat. Iggy Azalea,No Mediocre,,Black,,2014
688,Kongos,Come With Me Now,,Black,,2014
689,Lil Wayne feat. Drake,Believe Me,,Black,,2014
690,"Mike Will Made-It feat. Miley Cyrus, Wiz Khalifa and Juicy J",23,,White,,2014
691,Jake Owen,Beachin',,White,,2014
692,Macklemore & Ryan Lewis feat. Schoolboy Q and Hollis,White Walls,,White,,2014
693,5 Seconds Of Summer,She Looks So Perfect,,Other,,2014
694,Zedd feat. Hayley Williams,Stay The Night,,White,,2014
695,Beyonce,Partition,,Black,,2014
696,Schoolboy Q feat. BJ The Chicago Kid,Studio,,Black,,2014
697,Drake,0 To 100 / The Catch Up,,Black,,2014
698,Lee Brice,I Don't Dance,,Black,,2014
699,Miranda Lambert and Carrie Underwood,Somethin' Bad,,White,,2014
700,Miley Cyrus,Adore You,,White,,2015
701,Mark Ronson feat. Bruno Mars,Uptown Funk!,,White,,2015
702,Ed Sheeran,Thinking Out Loud,,White,,2015
703,Wiz Khalifa feat. Charlie Puth,See You Again,,Black,,2015
704,Fetty Wap,Trap Queen,,Black,,2015
705,Maroon 5,Sugar,,White,,2015
706,Walk The Moon,Shut Up and Dance,,White,,2015
707,Taylor Swift,Blank Space,,White,,2015
708,Silento,Watch Me,,Black,,2015
709,Weeknd,Earned It (Fifty Shades Of Grey),,Black,,2015
710,Weeknd,The Hills,,Black,,2015
711,OMI,Cheerleader (Felix Jaehn Remix),,Black,,2015
712,Weeknd,Can't Feel My Face,,Black,,2015
713,Ellie Goulding,Love Me Like You Do,,White,,2015
714,Hozier,Take Me To Church,,White,,2015
715,Taylor Swift feat. Kendrick Lamar,Bad Blood,,White,,2015
716,Major Lazer and DJ Snake feat. M0,Lean On,,White,,2015
717,Jason Derulo,Want To Want Me,,Black,,2015
718,Taylor Swift,Shake It Off,,White,,2015
719,Skrillex and Diplo With Justin Bieber,Where Are U Now,,Black,,2015
720,Rachel Platten,Fight Song,,Black,,2015
721,Fetty Wap feat. Remy Boyz,679,,Black,,2015
722,Meghan Trainor,Lips Are Movin,,White,,2015
723,Fifth Harmony feat. Kid Ink,Worth It,,Black,,2015
724,Omarion feat. Chris Brown and Jhene Aiko,Post To Be,,Black,,2015
725,Andy Grammer,"Honey, I'm Good.",,White,,2015
726,Sam Smith,I'm Not The Only One,,White,,2015
727,Selena Gomez feat. A$AP Rocky,Good For You,,Hispanic,,2015
728,Meghan Trainor,All About That Bass,,White,,2015
729,Taylor Swift,Style,,White,,2015
730,Drake,Hotline Bling,,Black,,2015
731,"David Guetta feat. Nicki Minaj, Bebe Rexha and Afrojack",Hey Mama,,White,,2015
732,Flo Rida feat. Sage The Gemini and Lookas,G.D.F.R.,,Black,,2015
733,Justin Bieber,What Do You Mean?,,White,,2015
734,Ed Sheeran,Photograph,,White,,2015
735,Adele,Hello,,White,,2015
736,Shawn Mendes,Stitches,,White,,2015
737,Tove Lo,Talking Body,,White,,2015
738,Nick Jonas,Jealous,,White,,2015
739,Pitbull and Ne-Yo,Time Of Our Lives,,Hispanic,,2015
740,R. City feat. Adam Levine,Locked Away,,Black,,2015
741,Natalie La Rose feat. Jeremih,Somebody,,Black,,2015
742,"Rihanna, Kanye West, and Paul McCartney",FourFiveSeconds,,Multiracial,,2015
743,Fall Out Boy,Centuries,,Black,,2015
744,Fetty Wap feat. Monty,My Way,,Black,,2015
745,Sam Hunt,Take Your Time,,White,,2015
746,Maroon 5,Animals,,White,,2015
747,Big Sean feat. E-40,I Don't F**k With You,,Black,,2015
748,Rihanna,B**** Better Have My Money,,Multiracial,,2015
749,Rich Homie Quan,Flex (Ooh Ooh Ooh),,Black,,2015
750,T-Wayne,Nasty Freestyle,,Black,,2015
751,"Nicki Minaj feat. Drake, Lil Wayne and Chris Brown",Only,,Black,,2015
752,Sia,Elastic Heart,,White,,2015
753,Demi Lovato,Cool For The Summer,,White,,2015
754,X Ambassadors,Renegades,,Other,,2015
755,Usher feat. Juicy J,I Don't Mind,,Black,,2015
756,Ariana Grande and The Weeknd,Love Me Harder,,Other,,2015
757,Taylor Swift,Wildest Dreams,,White,,2015
758,Sam Smith,Stay With Me,,White,,2015
759,DJ Snake and Alunageorge,You Know You Like It,,Black,,2015
760,Fall Out Boy,Uma Thurman,,Black,,2015
761,Beyonce,11-Jul,,Black,,2015
762,Selena Gomez,The Heart Wants What It Wants,,Hispanic,,2015
763,Little Big Town,Girl Crush,,Other,,2015
764,Trey Songz,Slow Motion,,Black,,2015
765,One Direction,Drag Me Down,,White,,2015
766,Nicki Minaj feat. Drake and Lil Wayne,Truffle Butter,,Black,,2015
767,Ariana Grande,One Last Time,,White,,2015
768,Nick Jonas,Chains,,White,,2015
769,Meek Mill feat. Chris Brown and Nicki Minaj,All Eyes On You,,Black,,2015
770,Rae Sremmurd,No Type,,Black,,2015
771,Vance Joy,Riptide,,White,,2015
772,Jidenna feat. Roman GianArthur,Classic Man,,Black,,2015
773,Elle King,Ex's and Oh's,,White,,2015
774,Meghan Trainor,Dear Future Husband,,White,,2015
775,Charlie Puth feat. Meghan Trainor,Marvin Gaye,,White,,2015
776,Meghan Trainor feat. John Legend,Like I'm Gonna Lose You,,White,,2015
777,Tove Lo,Habits (Stay High),,White,,2015
778,James Newton Howard feat. Jennifer Lawrence,The Hanging Tree,,White,,2015
779,O.T. Genasis,Coco,,Black,,2015
780,"Jessie J, Ariana Grande and Nicki Minaj",Bang Bang,,White,,2015
781,Sam Smith,Lay Me Down,,White,,2015
782,iLoveMakonnen feat. Drake,Tuesday,,Black,,2015
783,iLoveMemphis,Hit The Quan,,Black,,2015
784,"Macklemore and Ryan Lewis feat. Eric Nally, Melle Mel, Kool Moe Dee and Grandmaster Caz",Downtown,,Other,,2015
785,Sam Hunt,House Party,,White,,2015
786,Chris Brown and Tyga,Ayo,,Black,,2015
787,Luke Bryan,Kick The Dust Up,,White,,2015
788,Big Sean feat. Drake,Blessings,,Black,,2015
789,George Ezra,Budapest,,White,,2015
790,Sia,Chandelier,,White,,2015
791,Kelly Clarkson,Heartbeat Song,,White,,2015
792,Ed Sheeran,Don't,,White,,2015
793,Ella Henderson,Ghost,,White,,2015
794,Alessia Cara,Here,,White,,2015
795,Mr. Probz,Waves,,Black,,2015
796,Nicky Jam and Enrique Iglesias,El Perdon (Forgiveness),,Black,,2015
797,Ne-Yo feat. Juicy J,She Knows,,Black,,2015
798,One Direction,Night Changes,,White,,2015
799,Drake,Back To Back,,Black,,2015
800,Calvin Harris and Disciples,How Deep Is Your Love,,White,,2015
801,Justin Bieber,"""Love Yourself""",,White,,2016
802,Justin Bieber,"""Sorry""",,White,,2016
803,Drake,"""One Dance""",,Black,,2016
804,Rihanna,"""Work""",,Multiracial,,2016
805,Twenty One Pilots,"""Stressed Out""",,Other,,2016
806,Desiigner,"""Panda""",,Black,,2016
807,Adele,"""Hello""",,White,,2016
808,The Chainsmokers,ChainsmokersÊfeaturingÊDaya,,White,,2016
809,Justin Timberlake,"""Can't Stop the Feeling!""",,White,,2016
810,The Chainsmokers,"""Closer""",,White,,2016
811,Sia,"""Cheap Thrills""",,White,,2016
812,Lukas Graham,"""7 Years""",M,White,,2016
813,Rihanna,"""Needed Me""",,Multiracial,,2016
814,Flo Rida,"""My House""",,Black,,2016
815,Mike Posner,"""I Took a Pill in Ibiza""",,White,,2016
816,Fifth Harmony,"""Work from Home""",,Other,,2016
817,Calvin Harris,"""This Is What You Came For""",,White,,2016
818,DNCE,"""Cake by the Ocean""",,Black,,2016
819,G-Eazy,"""Me, Myself & I""",,Black,,2016
820,Twenty One Pilots,"""Ride""",,White,,2016
821,Twenty One Pilots,"""Heathens""",,White,,2016
822,Zayn,"""Pillowtalk""",,White,,2016
823,Shawn Mendes,"""Stitches""",,White,,2016
824,Drake,"""Hotline Bling""",,Black,,2016
825,Major Lazer,"""Cold Water""",,Black,,2016
826,Adele,"""Send My Love (To Your New Lover)""",,White,,2016
827,The Chainsmokers,"""Roses""",,White,,2016
828,Shawn Mendes,"""Treat You Better""",,White,,2016
829,Drake,"""Too Good""",,Black,,2016
830,Future featuring The Weeknd,"""Low Life""",,Black,,2016
831,Justin Bieber,"""What Do You Mean?""",,White,,2016
832,The Weeknd,"""The Hills""",,Black,,2016
833,Pink,"""Just Like Fire""",,White,,2016
834,DRAM,"""Broccoli""",,Black,,2016
835,Bryson Tiller,"""Don't""",,Black,,2016
836,Ariana Grande,"""Dangerous Woman""",,White,,2016
837,Drake,"""Jumpman""",,Black,,2016
838,Gnash,"""I Hate U, I Love U""",,White,,2016
839,Alessia Cara,"""Here""",,White,,2016
840,Selena Gomez,"""Same Old Love""",,Hispanic,,2016
841,Drake,"""Controlla""",,Black,,2016
842,Meghan Trainor featuring John Legend,"""Like I'm Gonna Lose You""",,White,,2016
843,Charlie Puth,"""One Call Away""",,White,,2016
844,James Bay,"""Let It Go""",,White,,2016
845,Meghan Trainor,"""No""",,White,,2016
846,Zara Larsson and MNEK,"""Never Forget You""",,White,,2016
847,DJ Snake featuring Justin Bieber,"""Let Me Love You""",,Black,,2016
848,Kent Jones,"""Don't Mind""",,White,,2016
849,Florida Georgia Line,"""H.O.L.Y.""",,Other,,2016
850,Charlie Puth featuring Selena Gomez,"""We Don't Talk Anymore""",,White,,2016
851,Ariana Grande,"""Into You""",,White,,2016
852,Kiiara,"""Gold""",,White,,2016
853,Bryson Tiller,"""Exchange""",,Black,,2016
854,Fetty Wap featuring Remy Boyz,"""679""",,Black,,2016
855,Jeremih,"""Oui""",,Black,,2016
856,Selena Gomez,"""Hands to Myself""",,Hispanic,,2016
857,Kevin Gates,"""2 Phones""",,Black,,2016
858,The Weeknd featuring Daft Punk,"""Starboy""",,Black,,2016
859,DJ Khaled,"""For Free""",,Black,,2016
860,Flume,"""Never Be Like You""",,White,,2016
861,The Weeknd,"""In the Night""",,Black,,2016
862,Meghan Trainor,"""Me Too""",,White,,2016
863,Elle King,"""Ex's & Oh's""",,White,,2016
864,Thomas Rhett,"""Die a Happy Man""",,White,,2016
865,Post Malone,"""White Iverson""",,Black,,2016
866,Nick Jonas,"""Close""",,White,,2016
867,X Ambassadors,"""Unsteady""",,Other,,2016
868,"Lil Wayne,","""Sucker for Pain""",,Black,,2016
869,Yo Gotti,"""Down in the DM""",,Black,,2016
870,Tory Lanez,"""Luv""",,Black,,2016
871,Beyonce,"""Sorry""",,Multiracial,,2016
872,The Weeknd,"""Can't Feel My Face""",,Black,,2016
873,Coldplay,"""Hymn for the Weekend""",,White,,2016
874,Tory Lanez,"""Say It""",,Black,,2016
875,Travis Scott,"""Antidote""",,Black,,2016
876,Ruth B,"""Lost Boy""",,Black,,2016
877,Ariana Grande featuring Nicki Minaj,"""Side to Side""",,White,,2016
878,Daya,"""Sit Still, Look Pretty""",,White,,2016
879,Taylor Swift,"""Wildest Dreams""",,White,,2016
880,DJ Snake featuring Bipolar Sunshine,"""Middle""",,Black,,2016
881,Ellie Goulding,"""On My Mind""",,White,,2016
882,Drake featuring The Throne,"""Pop Style""",,Black,,2016
883,Adele,"""When We Were Young""",,White,,2016
884,Daya,"""Hide Away""",,White,,2016
885,Major Lazer and DJ Snake featuring M¯,"""Lean On""",,Black,,2016
886,Shawn Mendes,"""I Know What You Did Last Summer""",,White,,2016
887,Fat Joe,"""All the Way Up""",,White,,2016
888,Silent—,"""Watch Me""",,Other,,2016
889,Chris Brown,"""Back to Sleep""",,Black,,2016
890,Usher,"""No Limit""",,Black,,2016
891,O.T. Genasis,"""Cut It""",,Black,,2016
892,Kevin Gates,"""Really Really""",,White,,2016
893,Fifth Harmony,"""All In My Head (Flex)""",,Other,,2016
894,Hailee Steinfeld,"""Starving""",,Black,,2016
895,Coldplay,"""Adventure of a Lifetime""",,White,,2016
896,Tim McGraw,"""Humble and Kind""",,White,,2016
897,Future,"""Wicked""",,Black,,2016
898,Desiigner,"""Tiimmy Turner""",,Black,,2016
899,Wiz Khalifa,"""See You Again""",,Black,,2016
900,One Direction,"""Perfect""",,White,,2016
901,Ed Sheeran,"""Shape of You""",,White,,2017
902,Luis Fonsi and Daddy Yankee featuring Justin Bieber,"""Despacito (Remix)""",,Hispanic,,2017
903,Bruno Mars,"""That's What I Like""",,Multiracial,,2017
904,Kendrick Lamar,"""Humble""",,White,,2017
905,The Chainsmokers,"""Something Just Like This""",,White,,2017
906,Migos,"""Bad and Boujee""",,Hispanic,,2017
907,The Chainsmokers,"""Closer""",,White,,2017
908,Sam Hunt,"""Body Like a Back Road""",,White,,2017
909,Imagine Dragons,"""Believer""",,White,,2017
910,Post Malone,"""Congratulations""",,White,,2017
911,James Arthur,"""Say You Won't Let Go""",,White,,2017
912,DJ Khaled,"""I'm the One""",,Black,,2017
913,Lil Uzi Vert,"""XO Tour Llif3""",,Black,,2017
914,Future,"""Mask Off""",,Black,,2017
915,French Montana,"""Unforgettable""",,Other,,2017
916,Bruno Mars,"""24K Magic""",,Multiracial,,2017
917,Zedd and Alessia Cara,"""Stay""",,White,,2017
918,DJ Khaled featuring Rihanna and Bryson Tiller,"""Wild Thoughts""",,Black,,2017
919,Rae Sremmurd,"""Black Beatles""",,Black,,2017
920,The Weeknd,"""Starboy""",,Black,,2017
921,Khalid,"""Location""",,Black,,2017
922,Charlie Puth,"""Attention""",,White,,2017
923,Shawn Mendes,"""There's Nothing Holdin' Me Back""",,White,,2017
924,Cardi B,"""Bodak Yellow""",,Multiracial,,2017
925,Childish Gambino,"""Redbone""",,Hispanic,,2017
926,Zayn and Taylor Swift,"""I Don't Wanna Live Forever""",,Multiracial,,2017
927,Kygo and Selena Gomez,"""It Ain't Me""",,Multiracial,,2017
928,Kyle featuring Lil Yachty,"""iSpy""",,Black,,2017
929,Julia Michaels,"""Issues""",,Black,,2017
930,Alessia Cara,"""Scars to Your Beautiful""",,White,,2017
931,Logic featuring Alessia Cara and Khalid,"""1-800-273-8255""",,Black,,2017
932,Niall Horan,"""Slow Hands""",,Black,,2017
933,Rihanna,"""Love on the Brain""",,Multiracial,,2017
934,The Weeknd,"""I Feel It Coming""",,Black,,2017
935,Big Sean,"""Bounce Back""",,Black,,2017
936,Liam Payne,"""Strip That Down""",,Black,,2017
937,Drake,"""Fake Love""",,Black,,2017
938,Maroon 5,"""Don't Wanna Know""",,White,,2017
939,Taylor Swift,"""Look What You Made Me Do""",,White,,2017
940,Ed Sheeran,"""Castle on the Hill""",,White,,2017
941,Machine Gun Kelly,"""Bad Things""",,White,,2017
942,The Chainsmokers,"""Paris""",,White,,2017
943,Ariana Grande,"""Side to Side""",,White,,2017
944,Clean Bandit,"""Rockabye""",,White,,2017
945,Portugal. The Man,"""Feel It Still""",,Other,,2017
946,DJ Snake,"""Let Me Love You""",,White,,2017
947,Demi Lovato,"""Sorry Not Sorry""",,White,,2017
948,21 Savage,"""Bank Account""",,Other,,2017
949,Justin Timberlake,"""Can't Stop the Feeling!""",,White,,2017
950,J Balvin and Willy William featuring BeyoncŽ,"""Mi Gente""",,Black,,2017
951,Imagine Dragons,"""Thunder""",,White,,2017
952,Migos,"""T-Shirt""",,Black,,2017
953,Yo Gotti featuring Nicki Minaj,"""Rake It Up""",,Black,,2017
954,Shawn Mendes,"""Mercy""",,White,,2017
955,Kodak Black,"""Tunnel Vision""",,Black,,2017
956,Post Malone featuring 21 Savage,"""Rockstar""",,Black,,2017
957,Brett Young,"""In Case You Didn't Know""",,White,,2017
958,Twenty One Pilots,"""Heathens""",,White,,2017
959,Halsey,"""Now or Never""",,White,,2017
960,AminŽ,"""Caroline""",,Black,,2017
961,Ayo & Teo,"""Rolex""",,White,,2017
962,Kendrick Lamar,"""DNA""",,White,,2017
963,Zay Hilfigerrr & Zayion McCall,"""Juju on That Beat (TZ Anthem)""",,White,,2017
964,Rae Sremmurd,"""Swang""",,Black,,2017
965,Drake,"""Passionfruit""",,Black,,2017
966,Kendrick Lamar featuring Rihanna,"""Loyalty""",,White,,2017
967,Kesha,"""Praying""",,White,,2017
968,Travis Scott,"""Goosebumps""",,Black,,2017
969,Maroon 5,"""Cold""",,White,,2017
970,DRAM,"""Broccoli""",,Black,,2017
971,Calvin Harris,"""Slide""",,White,,2017
972,Kane Brown,"""What Ifs""",,Black,,2017
973,Katy Perry,"""Chained to the Rhythm""",,White,,2017
974,Calvin Harris,"""Feels""",,White,,2017
975,Jon Bellion,"""All Time Low""",,White,,2017
976,Luke Combs,"""Hurricane""",,White,,2017
977,Sam Smith,"""Too Good at Goodbyes""",,White,,2017
978,Khalid,"""Young Dumb & Broke""",,Black,,2017
979,Playboi Carti,"""Magnolia""",,Black,,2017
980,SZAÊ,"""Love Galore""",,Black,,2017
981,A Boogie wit da HoodieÊfeaturingÊKodak Black,"""Drowning""",,Other,,2017
982,Hailee Steinfeld,"""Starving""",,White,,2017
983,Gucci Mane featuring Drake,"""Both""",,Black,,2017
984,Pink,"""What About Us""",,White,,2017
985,Jason DeruloÊfeaturingÊNicki MinajÊandÊTy Dolla Sign,"""Swalla""",,Black,,2017
986,Migos,"""Slippery""",,White,,2017
987,Harry Styles,"""Sign of the Times""",,White,,2017
988,Adele,"""Water Under the Bridge""",,White,,2017
989,Miley Cyrus,"""Malibu""",,White,,2017
990,Marian Hill,"""Down""",,White,,2017
991,Cheat CodesÊfeaturingÊDemi Lovato,"""No Promises""",,Black,,2017
992,Shawn Mendes,"""Treat You Better""",,White,,2017
993,Gucci ManeÊfeaturingÊMigos,"""I Get the Bag""",,Black,,2017
994,Dustin Lynch,"""Small Town Boy""",,Black,,2017
995,YFN LucciÊfeaturingÊPnB Rock,"""Everyday We Lit""",,Black,,2017
996,Camila CabelloÊfeaturingÊYoung Thug,"""Havana""",,Black,,2017
997,Maroon 5,"""What Lovers Do""",,White,,2017
998,Blackbear,"""Do Re Mi""",,Black,,2017
999,XXXTentacion,"""Look at Me!""",,Black,,2017
1000,Keith Urban,"""The Fighter""",,Black,,2017
1001,Drake,"""God's Plan""",,Black,,2018
1002,Ed Sheeran,"""Perfect""",,White,,2018
1003,Bebe Rexha,"""Meant to Be""",,Black,,2018
1004,Camila Cabello,"""Havana""",,Multiracial,,2018
1005,Post Malone,"""Rockstar""",,Hispanic,,2018
1006,Post Malone,"""Psycho""",,Hispanic,,2018
1007,Cardi B ,"""I Like It""",,Multiracial,,2018
1008,"Zedd,ÊMaren MorrisÊandÊGrey","""The Middle""",,White,,2018
1009,Drake,"""In My Feelings""",,Black,,2018
1010,Maroon 5,"""Girls Like You""",,White,,2018
1011,Drake,"""Nice for What""",,Black,,2018
1012,Juice Wrld,"""Lucid Dreams""",,Black,,2018
1013,Post Malone,"""Better Now""",,Hispanic,,2018
1014,Bruno Mars featuring Cardi B,"""Finesse""",,Multiracial,,2018
1015,Ella Mai,"""Boo'd Up""",,Multiracial,,2018
1016,Dua Lipa,"""New Rules""",,Multiracial,,2018
1017,XXXTentacion,"""Sad!""",,Black,,2018
1018,Camila Cabello,"""Never Be the Same""",,Multiracial,,2018
1019,Khalid and Normani,"""Love Lies""",,Black,,2018
1020,Ariana Grande,"""No Tears Left to Cry""",,White,,2018
1021,Bazzi,"""Mine""",,Black,,2018
1022,Imagine Dragons,"""Thunder""",,White,,2018
1023,BlocBoy,"""Look Alive""",,Black,,2018
1024,Taylor Swift,"""Delicate""",,White,,2018
1025,Lil Baby and Drake,"""Yes Indeed""",,Black,,2018
1026,Marshmello and Anne-Marie,"""Friends""",,White,,2018
1027,Halsey,"""Bad at Love""",,White,,2018
1028,Tyga,"""Taste""",,Black,,2018
1029,NF,"""Let You Down""",,Black,,2018
1030,G-Eazy,"""No Limit""",,Black,,2018
1031,6ix9ine,"""Fefe""",,Black,,2018
1032,Dan + Shay,"""Tequila""",,White,,2018
1033,Portugal. The Man,"""Feel It Still""",,Other,,2018
1034,"Migos, Nicki Minaj","""MotorSport""",,Black,,2018
1035,Lauv,"""I Like Me Better""",,White,,2018
1036,5 Seconds of Summer,"""Youngblood""",,Other,,2018
1037,Imagine Dragons,"""Whatever It Takes""",,White,,2018
1038,Offset,"""Ric Flair Drip""",,Other,,2018
1039,Post Malone,"""I Fall Apart""",,Black,,2018
1040,The Weeknd,"""Pray for Me""",,Black,,2018
1041,Selena Gomez,"""Back to You""",,Hispanic,,2018
1042,Travis Scott,"""Sicko Mode""",,Black,,2018
1043,Migos featuring Drake,"""Walk It Talk It""",,Black,,2018
1044,Lil Pump,"""Gucci Gang""",,Black,,2018
1045,G-Eazy,"""Him & I""",,Black,,2018
1046,Shawn Mendes,"""In My Blood""",,White,,2018
1047,Kendrick Lamar,"""All the Stars""",,White,,2018
1048,Migos,"""Stir Fry""",,Black,,2018
1049,Sam Smith,"""Too Good at Goodbyes""",,White,,2018
1050,Kendrick Lamar,"""Love""",,White,,2018
1051,Childish Gambino,"""This Is America""",,White,,2018
1052,Drake,"""Nonstop""",,Black,,2018
1053,Kane Brown,"""Heaven""",,Black,,2018
1054,Cardi B,"""Bodak Yellow""",,Multiracial,,2018
1055,Lil Dicky featuring Chris Brown,"""Freaky Friday""",,Black,,2018
1056,6ix9ine,"""Gummo""",,Black,,2018
1057,Rich the Kid,"""Plug Walk""",,Black,,2018
1058,Maroon 5,"""Wait""",,White,,2018
1059,Cardi B,"""Be Careful""",,Multiracial,,2018
1060,Selena Gomez and Marshmello,"""Wolves""",,Hispanic,,2018
1061,Cardi B featuring 21 Savage,"""Bartier Cardi""",,Multiracial,,2018
1062,Ariana Grande,"""God Is a Woman""",,White,,2018
1063,"YGÊfeaturingÊ2 Chainz,ÊNicki MinajÊandÊBig Sean","""Big Bank""",,Black,,2018
1064,Demi Lovato,"""Sorry Not Sorry""",,White,,2018
1065,Charlie Puth,"""How Long""",,White,,2018
1066,Max,"""Lights Down Low""",,White,,2018
1067,Khalid,"""Young Dumb & Broke""",,Black,,2018
1068,Calvin Harris and Dua Lipa,"""One Kiss""",,White,,2018
1069,Imagine Dragons,"""Natural""",,White,,2018
1070,Jason Aldean,"""You Make It Easy""",,White,,2018
1071,Ed Sheeran,"""Shape of You""",,White,,2018
1072,Gucci Mane featuring Migos,"""I Get the Bag""",,Black,,2018
1073,"DJ Khaled featuring Justin Bieber, Chance the Rapper and Quavo","""No Brainer""",,MiddleEast,,2018
1074,ASAP Ferg featuring Nicki Minaj,"""Plain Jane""",,Black,,2018
1075,Miguel,"""Sky Walker""",,Black,,2018
1076,Thomas Rhett,"""Marry Me""",,White,,2018
1077,"Benny Blanco, Halsey and Khalid","""Eastside""",,Hispanic,,2018
1078,The Weeknd,"""Call Out My Name""",,Black,,2018
1079,"Jay Rock, Kendrick Lamar, Future and James Blake","""King's Dead""",,Other,,2018
1080,Marshmello and Bastille,"""Happier""",,Other,,2018
1081,"Nio Garc’a, Darell and Casper M‡gico featuringÊBad Bunny,ÊNicky JamÊandÊOzuna","""Te BotŽ""",,Hispanic,,2018
1082,Florida Georgia Line,"""Simple""",,Other,,2018
1083,N.E.R.D and Rihanna,"""Lemon""",,Black,,2018
1084,Logic,"""1-800-273-8255""",,White,,2018
1085,Justin Timberlake,"""Say Something""",,White,,2018
1086,Drake,"""I'm Upset""",,Black,,2018
1087,Kenny Chesney,"""Get Along""",,White,,2018
1088,XXXTentacion,"""Moonlight""",,Black,,2018
1089,Maroon 5,"""What Lovers Do""",,White,,2018
1090,Nicky Jam,"""X""",,Hispanic,,2018
1091,YoungBoy Never Broke Again,"""Outside Today""",,Black,,2018
1092,Ella Mai,"""Trip""",,Multiracial,,2018
1093,Daddy Yankee,"""Dura""",,Hispanic,,2018
1094,XXXTentacion,"""Changes""",,Black,,2018
1095,Brett Young,"""Mercy""",,White,,2018
1096,Luke Combs,"""One Number Away""",,White,,2018
1097,Rae Sremmurd,"""Powerglide""",,Black,,2018
1098,Dua Lipa,"""IDGAF""",,Multiracial,,2018
1099,J Balvin,"""Mi Gente""",,Multiracial,,2018
1100,Imagine Dragons,"""Believer""",,White,,2018